PassengerId,Pclass,Sex,SibSp,Parch,Fare,Embarked
892,3,0,0,0,7.8292,1
893,3,1,1,0,7,0
894,2,0,0,0,9.6875,1
895,3,0,0,0,8.6625,0
896,3,1,1,1,12.2875,0
897,3,0,0,0,9.225,0
898,3,1,0,0,7.6292,1
899,2,0,1,1,29,0
900,3,1,0,0,7.2292,2
901,3,0,2,0,24.15,0
902,3,0,0,0,7.8958,0
903,1,0,0,0,26,0
904,1,1,1,0,82.2667,0
905,2,0,1,0,26,0
906,1,1,1,0,61.175,0
907,2,1,1,0,27.7208,2
908,2,0,0,0,12.35,1
909,3,0,0,0,7.225,2
910,3,1,1,0,7.925,0
911,3,1,0,0,7.225,2
912,1,0,1,0,59.4,2
913,3,0,0,1,3.1708,0
914,1,1,0,0,31.6833,0
915,1,0,0,1,61.3792,2
916,1,1,1,3,262.375,2
917,3,0,1,0,14.5,0
918,1,1,0,1,61.9792,2
919,3,0,0,0,7.225,2
920,1,0,0,0,30.5,0
921,3,0,2,0,21.6792,2
922,2,0,1,0,26,0
923,2,0,2,0,31.5,0
924,3,1,1,2,20.575,0
925,3,1,1,2,23.45,0
926,1,0,1,0,57.75,2
927,3,0,0,0,7.2292,2
928,3,1,0,0,8.05,0
929,3,1,0,0,8.6625,0
930,3,0,0,0,9.5,0
931,3,0,0,0,56.4958,0
932,3,0,0,1,13.4167,2
933,1,0,0,0,26.55,0
934,3,0,0,0,7.85,0
935,2,1,0,0,13,0
936,1,1,1,0,52.5542,0
937,3,0,0,0,7.925,0
938,1,0,0,0,29.7,2
939,3,0,0,0,7.75,1
940,1,1,0,0,76.2917,2
941,3,1,0,2,15.9,0
942,1,0,1,0,60,0
943,2,0,0,0,15.0333,2
944,2,1,2,1,23,0
945,1,1,3,2,263,0
946,2,0,0,0,15.5792,2
947,3,0,4,1,29.125,1
948,3,0,0,0,7.8958,0
949,3,0,0,0,7.65,0
950,3,0,1,0,16.1,0
951,1,1,0,0,262.375,2
952,3,0,0,0,7.8958,0
953,2,0,0,0,13.5,0
954,3,0,0,0,7.75,0
955,3,1,0,0,7.725,1
956,1,0,2,2,262.375,2
957,2,1,0,0,21,0
958,3,1,0,0,7.8792,1
959,1,0,0,0,42.4,0
960,1,0,0,0,28.5375,2
961,1,1,1,4,263,0
962,3,1,0,0,7.75,1
963,3,0,0,0,7.8958,0
964,3,1,0,0,7.925,0
965,1,0,0,0,27.7208,2
966,1,1,0,0,211.5,2
967,1,0,0,0,211.5,2
968,3,0,0,0,8.05,0
969,1,1,2,0,25.7,0
970,2,0,0,0,13,0
971,3,1,0,0,7.75,1
972,3,0,1,1,15.2458,2
973,1,0,1,0,221.7792,0
974,1,0,0,0,26,0
975,3,0,0,0,7.8958,0
976,2,0,0,0,10.7083,1
977,3,0,1,0,14.4542,2
978,3,1,0,0,7.8792,1
979,3,1,0,0,8.05,0
980,3,1,0,0,7.75,1
981,2,0,1,1,23,0
982,3,1,1,0,13.9,0
983,3,0,0,0,7.775,0
984,1,1,1,2,52,0
985,3,0,0,0,8.05,0
986,1,0,0,0,26,2
987,3,0,0,0,7.7958,0
988,1,1,1,0,78.85,0
989,3,0,0,0,7.925,0
990,3,1,0,0,7.8542,0
991,3,0,0,0,8.05,0
992,1,1,1,0,55.4417,2
993,2,0,1,0,26,0
994,3,0,0,0,7.75,1
995,3,0,0,0,7.775,0
996,3,1,1,1,8.5167,2
997,3,0,0,0,22.525,0
998,3,0,0,0,7.8208,1
999,3,0,0,0,7.75,1
1000,3,0,0,0,8.7125,0
1001,2,0,0,0,13,0
1002,2,0,0,0,15.0458,2
1003,3,1,0,0,7.7792,1
1004,1,1,0,0,31.6792,2
1005,3,1,0,0,7.2833,1
1006,1,1,1,0,221.7792,0
1007,3,0,1,0,14.4542,2
1008,3,0,0,0,6.4375,2
1009,3,1,1,1,16.7,0
1010,1,0,0,0,75.2417,2
1011,2,1,1,0,26,0
1012,2,1,0,0,15.75,0
1013,3,0,1,0,7.75,1
1014,1,1,1,0,57.75,2
1015,3,0,0,0,7.25,0
1016,3,0,0,0,7.75,1
1017,3,1,0,1,16.1,0
1018,3,0,0,0,7.7958,0
1019,3,1,2,0,23.25,1
1020,2,0,0,0,13,0
1021,3,0,0,0,8.05,0
1022,3,0,0,0,8.05,0
1023,1,0,0,0,28.5,2
1024,3,1,0,4,25.4667,0
1025,3,0,1,0,6.4375,2
1026,3,0,0,0,7.8958,0
1027,3,0,0,0,7.8542,0
1028,3,0,0,0,7.225,2
1029,2,0,0,0,13,0
1030,3,1,0,0,8.05,0
1031,3,0,1,6,46.9,0
1032,3,1,5,2,46.9,0
1033,1,1,0,0,151.55,0
1034,1,0,1,3,262.375,2
1035,2,0,0,0,26,0
1036,1,0,0,0,26.55,0
1037,3,0,3,0,18,0
1038,1,0,0,0,51.8625,0
1039,3,0,0,0,8.05,0
1040,1,0,0,0,26.55,0
1041,2,0,1,1,26,0
1042,1,1,0,1,83.1583,2
1043,3,0,0,0,7.8958,2
1044,3,0,0,0,35.627,0
1045,3,1,0,2,12.1833,0
1046,3,0,4,2,31.3875,0
1047,3,0,0,0,7.55,0
1048,1,1,0,0,221.7792,0
1049,3,1,0,0,7.8542,0
1050,1,0,0,0,26.55,0
1051,3,1,0,2,13.775,0
1052,3,1,0,0,7.7333,1
1053,3,0,1,1,15.2458,2
1054,2,1,0,0,13.5,0
1055,3,0,0,0,7,0
1056,2,0,0,0,13,0
1057,3,1,1,1,22.025,0
1058,1,0,0,0,50.4958,2
1059,3,0,2,2,34.375,0
1060,1,1,0,0,27.7208,2
1061,3,1,0,0,8.9625,0
1062,3,0,0,0,7.55,0
1063,3,0,0,0,7.225,2
1064,3,0,1,0,13.9,0
1065,3,0,0,0,7.2292,2
1066,3,0,1,5,31.3875,0
1067,2,1,0,2,39,0
1068,2,1,0,0,36.75,0
1069,1,0,1,0,55.4417,2
1070,2,1,0,3,39,0
1071,1,1,0,2,83.1583,2
1072,2,0,0,0,13,0
1073,1,0,1,1,83.1583,2
1074,1,1,1,0,53.1,0
1075,3,0,0,0,7.75,1
1076,1,1,1,1,247.5208,2
1077,2,0,0,0,16,0
1078,2,1,0,1,21,0
1079,3,0,2,0,8.05,0
1080,3,1,8,2,69.55,0
1081,2,0,0,0,13,0
1082,2,0,1,0,26,0
1083,1,0,0,0,26,0
1084,3,0,1,1,14.5,0
1085,2,0,0,0,12.35,1
1086,2,0,0,2,32.5,0
1087,3,0,0,0,7.8542,0
1088,1,0,0,2,134.5,2
1089,3,1,0,0,7.775,0
1090,2,0,0,0,10.5,0
1091,3,1,0,0,8.1125,0
1092,3,1,0,0,15.5,1
1093,3,0,0,2,14.4,0
1094,1,0,1,0,227.525,2
1095,2,1,1,1,26,0
1096,2,0,0,0,10.5,0
1097,1,0,0,0,25.7417,2
1098,3,1,0,0,7.75,1
1099,2,0,0,0,10.5,0
1100,1,1,0,0,27.7208,2
1101,3,0,0,0,7.8958,0
1102,3,0,0,0,22.525,0
1103,3,0,0,0,7.05,0
1104,2,0,0,0,73.5,0
1105,2,1,1,0,26,0
1106,3,1,4,2,7.775,0
1107,1,0,0,0,42.5,0
1108,3,1,0,0,7.8792,1
1109,1,0,1,1,164.8667,0
1110,1,1,1,1,211.5,2
1111,3,0,0,0,8.05,0
1112,2,1,1,0,13.8583,2
1113,3,0,0,0,8.05,0
1114,2,1,0,0,10.5,0
1115,3,0,0,0,7.7958,0
1116,1,1,0,0,27.4458,2
1117,3,1,0,2,15.2458,2
1118,3,0,0,0,7.7958,0
1119,3,1,0,0,7.75,1
1120,3,0,0,0,15.1,0
1121,2,0,0,0,13,0
1122,2,0,0,0,65,0
1123,1,1,0,0,26.55,0
1124,3,0,1,0,6.4958,0
1125,3,0,0,0,7.8792,1
1126,1,0,1,0,71.2833,2
1127,3,0,0,0,7.8542,0
1128,1,0,1,0,75.25,2
1129,3,0,0,0,7.225,2
1130,2,1,1,1,13,0
1131,1,1,1,0,106.425,2
1132,1,1,0,0,27.7208,2
1133,2,1,0,2,30,0
1134,1,0,1,1,134.5,2
1135,3,0,0,0,7.8875,0
1136,3,0,1,2,23.45,0
1137,1,0,1,0,51.8625,0
1138,2,1,0,0,21,0
1139,2,0,1,1,32.5,0
1140,2,1,1,0,26,0
1141,3,1,1,0,14.4542,2
1142,2,1,1,2,27.75,0
1143,3,0,0,0,7.925,0
1144,1,0,1,0,136.7792,2
1145,3,0,0,0,9.325,0
1146,3,0,0,0,9.5,0
1147,3,0,0,0,7.55,0
1148,3,0,0,0,7.75,1
1149,3,0,0,0,8.05,0
1150,2,1,0,0,13,0
1151,3,0,0,0,7.775,0
1152,3,0,1,0,17.4,0
1153,3,0,0,0,7.8542,0
1154,2,1,0,2,23,0
1155,3,1,1,1,12.1833,0
1156,2,0,0,0,12.7375,2
1157,3,0,0,0,7.8958,0
1158,1,0,0,0,0,0
1159,3,0,0,0,7.55,0
1160,3,1,0,0,8.05,0
1161,3,0,0,0,8.6625,0
1162,1,0,0,0,75.2417,2
1163,3,0,0,0,7.75,1
1164,1,1,1,0,136.7792,2
1165,3,1,1,0,15.5,1
1166,3,0,0,0,7.225,2
1167,2,1,1,0,26,0
1168,2,0,0,0,10.5,0
1169,2,0,1,0,26,0
1170,2,0,1,0,21,0
1171,2,0,0,0,10.5,0
1172,3,1,0,0,8.6625,0
1173,3,0,1,1,13.775,0
1174,3,1,0,0,7.75,1
1175,3,1,1,1,15.2458,2
1176,3,1,1,1,20.2125,0
1177,3,0,0,0,7.25,0
1178,3,0,0,0,7.25,0
1179,1,0,1,0,82.2667,0
1180,3,0,0,0,7.2292,2
1181,3,0,0,0,8.05,0
1182,1,0,0,0,39.6,0
1183,3,1,0,0,6.95,1
1184,3,0,0,0,7.2292,2
1185,1,0,1,1,81.8583,0
1186,3,0,0,0,9.5,0
1187,3,0,0,0,7.8958,0
1188,2,1,1,2,41.5792,2
1189,3,0,2,0,21.6792,2
1190,1,0,0,0,45.5,0
1191,3,0,0,0,7.8542,0
1192,3,0,0,0,7.775,0
1193,2,0,0,0,15.0458,2
1194,2,0,0,1,21,0
1195,3,0,0,0,8.6625,0
1196,3,1,0,0,7.75,1
1197,1,1,1,1,26.55,0
1198,1,0,1,2,151.55,0
1199,3,0,0,1,9.35,0
1200,1,0,1,1,93.5,0
1201,3,1,1,0,14.1083,0
1202,3,0,0,0,8.6625,0
1203,3,0,0,0,7.225,2
1204,3,0,0,0,7.575,0
1205,3,1,0,0,7.75,1
1206,1,1,0,0,135.6333,2
1207,3,1,0,0,7.7333,1
1208,1,0,1,0,146.5208,2
1209,2,0,0,0,10.5,0
1210,3,0,0,0,7.8542,0
1211,2,0,2,0,31.5,0
1212,3,0,0,0,7.775,0
1213,3,0,0,0,7.2292,2
1214,2,0,0,0,13,0
1215,1,0,0,0,26.55,0
1216,1,1,0,0,211.3375,0
1217,3,0,0,0,7.05,0
1218,2,1,2,1,39,0
1219,1,0,0,0,79.2,2
1220,2,0,1,0,26,0
1221,2,0,0,0,13,0
1222,2,1,0,2,36.75,0
1223,1,0,0,0,29.7,2
1224,3,0,0,0,7.225,2
1225,3,1,1,1,15.7417,2
1226,3,0,0,0,7.8958,0
1227,1,0,0,0,26,0
1228,2,0,0,0,13,0
1229,3,0,0,2,7.2292,2
1230,2,0,0,0,31.5,0
1231,3,0,0,0,7.2292,2
1232,2,0,0,0,10.5,0
1233,3,0,0,0,7.5792,0
1234,3,0,1,9,69.55,0
1235,1,1,0,1,512.3292,2
1236,3,0,1,1,14.5,0
1237,3,1,0,0,7.65,0
1238,2,0,0,0,13,0
1239,3,1,0,0,7.2292,2
1240,2,0,0,0,13.5,0
1241,2,1,0,0,21,0
1242,1,1,0,1,63.3583,2
1243,2,0,0,0,10.5,0
1244,2,0,0,0,73.5,0
1245,2,0,1,2,65,0
1246,3,1,1,2,20.575,0
1247,1,0,0,0,26,0
1248,1,1,2,0,51.4792,0
1249,3,0,0,0,7.8792,0
1250,3,0,0,0,7.75,1
1251,3,1,1,0,15.55,0
1252,3,0,8,2,69.55,0
1253,2,1,1,1,37.0042,2
1254,2,1,0,0,21,0
1255,3,0,0,0,8.6625,0
1256,1,1,1,0,55.4417,2
1257,3,1,1,9,69.55,0
1258,3,0,1,0,14.4583,2
1259,3,1,0,0,39.6875,0
1260,1,1,0,1,59.4,2
1261,2,0,0,0,13.8583,2
1262,2,0,1,0,11.5,0
1263,1,1,0,0,134.5,2
1264,1,0,0,0,0,0
1265,2,0,0,0,13,0
1266,1,1,1,1,81.8583,0
1267,1,1,0,0,262.375,2
1268,3,1,2,0,8.6625,0
1269,2,0,0,0,11.5,0
1270,1,0,0,0,50,0
1271,3,0,4,2,31.3875,0
1272,3,0,0,0,7.75,1
1273,3,0,0,0,7.8792,1
1274,3,1,0,0,14.5,0
1275,3,1,1,0,16.1,0
1276,2,0,0,0,12.875,0
1277,2,1,1,2,65,0
1278,3,0,0,0,7.775,0
1279,2,0,0,0,13,0
1280,3,0,0,0,7.75,1
1281,3,0,3,1,21.075,0
1282,1,0,0,0,93.5,0
1283,1,1,0,1,39.4,0
1284,3,0,0,2,20.25,0
1285,2,0,0,0,10.5,0
1286,3,0,3,1,22.025,0
1287,1,1,1,0,60,0
1288,3,0,0,0,7.25,1
1289,1,1,1,1,79.2,2
1290,3,0,0,0,7.775,0
1291,3,0,0,0,7.7333,1
1292,1,1,0,0,164.8667,0
1293,2,0,1,0,21,0
1294,1,1,0,1,59.4,2
1295,1,0,0,0,47.1,0
1296,1,0,1,0,27.7208,2
1297,2,0,0,0,13.8625,2
1298,2,0,1,0,10.5,0
1299,1,0,1,1,211.5,2
1300,3,1,0,0,7.7208,1
1301,3,1,1,1,13.775,0
1302,3,1,0,0,7.75,1
1303,1,1,1,0,90,1
1304,3,1,0,0,7.775,0
1305,3,0,0,0,8.05,0
1306,1,1,0,0,108.9,2
1307,3,0,0,0,7.25,0
1308,3,0,0,0,8.05,0
1309,3,0,1,1,22.3583,2