,PassengerId,Pclass,Sex,SibSp,Parch,Fare,Embarked,Age
0,892,3,0,0,0,7.8292,1,34.5
1,893,3,1,1,0,7.0,0,47.0
2,894,2,0,0,0,9.6875,1,62.0
3,895,3,0,0,0,8.6625,0,27.0
4,896,3,1,1,1,12.2875,0,22.0
5,897,3,0,0,0,9.225,0,14.0
6,898,3,1,0,0,7.6292,1,30.0
7,899,2,0,1,1,29.0,0,26.0
8,900,3,1,0,0,7.2292,2,18.0
9,901,3,0,2,0,24.15,0,21.0
10,902,3,0,0,0,7.8958,0,30.0
11,903,1,0,0,0,26.0,0,46.0
12,904,1,1,1,0,82.2667,0,23.0
13,905,2,0,1,0,26.0,0,63.0
14,906,1,1,1,0,61.175,0,47.0
15,907,2,1,1,0,27.7208,2,24.0
16,908,2,0,0,0,12.35,1,35.0
17,909,3,0,0,0,7.225,2,21.0
18,910,3,1,1,0,7.925,0,27.0
19,911,3,1,0,0,7.225,2,45.0
20,912,1,0,1,0,59.4,2,55.0
21,913,3,0,0,1,3.1708,0,9.0
22,914,1,1,0,0,31.6833,0,30.0
23,915,1,0,0,1,61.3792,2,21.0
24,916,1,1,1,3,262.375,2,48.0
25,917,3,0,1,0,14.5,0,50.0
26,918,1,1,0,1,61.9792,2,22.0
27,919,3,0,0,0,7.225,2,22.5
28,920,1,0,0,0,30.5,0,41.0
29,921,3,0,2,0,21.6792,2,30.0
30,922,2,0,1,0,26.0,0,50.0
31,923,2,0,2,0,31.5,0,24.0
32,924,3,1,1,2,20.575,0,33.0
33,925,3,1,1,2,23.45,0,30.0
34,926,1,0,1,0,57.75,2,30.0
35,927,3,0,0,0,7.2292,2,18.5
36,928,3,1,0,0,8.05,0,30.0
37,929,3,1,0,0,8.6625,0,21.0
38,930,3,0,0,0,9.5,0,25.0
39,931,3,0,0,0,56.4958,0,30.0
40,932,3,0,0,1,13.4167,2,39.0
41,933,1,0,0,0,26.55,0,30.0
42,934,3,0,0,0,7.85,0,41.0
43,935,2,1,0,0,13.0,0,30.0
44,936,1,1,1,0,52.5542,0,45.0
45,937,3,0,0,0,7.925,0,25.0
46,938,1,0,0,0,29.7,2,45.0
47,939,3,0,0,0,7.75,1,30.0
48,940,1,1,0,0,76.2917,2,60.0
49,941,3,1,0,2,15.9,0,36.0
50,942,1,0,1,0,60.0,0,24.0
51,943,2,0,0,0,15.0333,2,27.0
52,944,2,1,2,1,23.0,0,20.0
53,945,1,1,3,2,263.0,0,28.0
54,946,2,0,0,0,15.5792,2,30.0
55,947,3,0,4,1,29.125,1,10.0
56,948,3,0,0,0,7.8958,0,35.0
57,949,3,0,0,0,7.65,0,25.0
58,950,3,0,1,0,16.1,0,30.0
59,951,1,1,0,0,262.375,2,36.0
60,952,3,0,0,0,7.8958,0,17.0
61,953,2,0,0,0,13.5,0,32.0
62,954,3,0,0,0,7.75,0,18.0
63,955,3,1,0,0,7.725,1,22.0
64,956,1,0,2,2,262.375,2,13.0
65,957,2,1,0,0,21.0,0,30.0
66,958,3,1,0,0,7.8792,1,18.0
67,959,1,0,0,0,42.4,0,47.0
68,960,1,0,0,0,28.5375,2,31.0
69,961,1,1,1,4,263.0,0,60.0
70,962,3,1,0,0,7.75,1,24.0
71,963,3,0,0,0,7.8958,0,21.0
72,964,3,1,0,0,7.925,0,29.0
73,965,1,0,0,0,27.7208,2,28.5
74,966,1,1,0,0,211.5,2,35.0
75,967,1,0,0,0,211.5,2,32.5
76,968,3,0,0,0,8.05,0,30.0
77,969,1,1,2,0,25.7,0,55.0
78,970,2,0,0,0,13.0,0,30.0
79,971,3,1,0,0,7.75,1,24.0
80,972,3,0,1,1,15.2458,2,6.0
81,973,1,0,1,0,221.7792,0,67.0
82,974,1,0,0,0,26.0,0,49.0
83,975,3,0,0,0,7.8958,0,30.0
84,976,2,0,0,0,10.7083,1,30.0
85,977,3,0,1,0,14.4542,2,30.0
86,978,3,1,0,0,7.8792,1,27.0
87,979,3,1,0,0,8.05,0,18.0
88,980,3,1,0,0,7.75,1,30.0
89,981,2,0,1,1,23.0,0,2.0
90,982,3,1,1,0,13.9,0,22.0
91,983,3,0,0,0,7.775,0,30.0
92,984,1,1,1,2,52.0,0,27.0
93,985,3,0,0,0,8.05,0,30.0
94,986,1,0,0,0,26.0,2,25.0
95,987,3,0,0,0,7.7958,0,25.0
96,988,1,1,1,0,78.85,0,76.0
97,989,3,0,0,0,7.925,0,29.0
98,990,3,1,0,0,7.8542,0,20.0
99,991,3,0,0,0,8.05,0,33.0
100,992,1,1,1,0,55.4417,2,43.0
101,993,2,0,1,0,26.0,0,27.0
102,994,3,0,0,0,7.75,1,30.0
103,995,3,0,0,0,7.775,0,26.0
104,996,3,1,1,1,8.5167,2,16.0
105,997,3,0,0,0,22.525,0,28.0
106,998,3,0,0,0,7.8208,1,21.0
107,999,3,0,0,0,7.75,1,30.0
108,1000,3,0,0,0,8.7125,0,30.0
109,1001,2,0,0,0,13.0,0,18.5
110,1002,2,0,0,0,15.0458,2,41.0
111,1003,3,1,0,0,7.7792,1,30.0
112,1004,1,1,0,0,31.6792,2,36.0
113,1005,3,1,0,0,7.2833,1,18.5
114,1006,1,1,1,0,221.7792,0,63.0
115,1007,3,0,1,0,14.4542,2,18.0
116,1008,3,0,0,0,6.4375,2,30.0
117,1009,3,1,1,1,16.7,0,1.0
118,1010,1,0,0,0,75.2417,2,36.0
119,1011,2,1,1,0,26.0,0,29.0
120,1012,2,1,0,0,15.75,0,12.0
121,1013,3,0,1,0,7.75,1,30.0
122,1014,1,1,1,0,57.75,2,35.0
123,1015,3,0,0,0,7.25,0,28.0
124,1016,3,0,0,0,7.75,1,30.0
125,1017,3,1,0,1,16.1,0,17.0
126,1018,3,0,0,0,7.7958,0,22.0
127,1019,3,1,2,0,23.25,1,30.0
128,1020,2,0,0,0,13.0,0,42.0
129,1021,3,0,0,0,8.05,0,24.0
130,1022,3,0,0,0,8.05,0,32.0
131,1023,1,0,0,0,28.5,2,53.0
132,1024,3,1,0,4,25.4667,0,30.0
133,1025,3,0,1,0,6.4375,2,30.0
134,1026,3,0,0,0,7.8958,0,43.0
135,1027,3,0,0,0,7.8542,0,24.0
136,1028,3,0,0,0,7.225,2,26.5
137,1029,2,0,0,0,13.0,0,26.0
138,1030,3,1,0,0,8.05,0,23.0
139,1031,3,0,1,6,46.9,0,40.0
140,1032,3,1,5,2,46.9,0,10.0
141,1033,1,1,0,0,151.55,0,33.0
142,1034,1,0,1,3,262.375,2,61.0
143,1035,2,0,0,0,26.0,0,28.0
144,1036,1,0,0,0,26.55,0,42.0
145,1037,3,0,3,0,18.0,0,31.0
146,1038,1,0,0,0,51.8625,0,30.0
147,1039,3,0,0,0,8.05,0,22.0
148,1040,1,0,0,0,26.55,0,30.0
149,1041,2,0,1,1,26.0,0,30.0
150,1042,1,1,0,1,83.1583,2,23.0
151,1043,3,0,0,0,7.8958,2,30.0
152,1044,3,0,0,0,35.626999999999995,0,60.5
153,1045,3,1,0,2,12.1833,0,36.0
154,1046,3,0,4,2,31.3875,0,13.0
155,1047,3,0,0,0,7.55,0,24.0
156,1048,1,1,0,0,221.7792,0,29.0
157,1049,3,1,0,0,7.8542,0,23.0
158,1050,1,0,0,0,26.55,0,42.0
159,1051,3,1,0,2,13.775,0,26.0
160,1052,3,1,0,0,7.7333,1,30.0
161,1053,3,0,1,1,15.2458,2,7.0
162,1054,2,1,0,0,13.5,0,26.0
163,1055,3,0,0,0,7.0,0,30.0
164,1056,2,0,0,0,13.0,0,41.0
165,1057,3,1,1,1,22.025,0,26.0
166,1058,1,0,0,0,50.4958,2,48.0
167,1059,3,0,2,2,34.375,0,18.0
168,1060,1,1,0,0,27.7208,2,30.0
169,1061,3,1,0,0,8.9625,0,22.0
170,1062,3,0,0,0,7.55,0,30.0
171,1063,3,0,0,0,7.225,2,27.0
172,1064,3,0,1,0,13.9,0,23.0
173,1065,3,0,0,0,7.2292,2,30.0
174,1066,3,0,1,5,31.3875,0,40.0
175,1067,2,1,0,2,39.0,0,15.0
176,1068,2,1,0,0,36.75,0,20.0
177,1069,1,0,1,0,55.4417,2,54.0
178,1070,2,1,0,3,39.0,0,36.0
179,1071,1,1,0,2,83.1583,2,64.0
180,1072,2,0,0,0,13.0,0,30.0
181,1073,1,0,1,1,83.1583,2,37.0
182,1074,1,1,1,0,53.1,0,18.0
183,1075,3,0,0,0,7.75,1,30.0
184,1076,1,1,1,1,247.5208,2,27.0
185,1077,2,0,0,0,16.0,0,40.0
186,1078,2,1,0,1,21.0,0,21.0
187,1079,3,0,2,0,8.05,0,17.0
188,1080,3,1,8,2,69.55,0,30.0
189,1081,2,0,0,0,13.0,0,40.0
190,1082,2,0,1,0,26.0,0,34.0
191,1083,1,0,0,0,26.0,0,30.0
192,1084,3,0,1,1,14.5,0,11.5
193,1085,2,0,0,0,12.35,1,61.0
194,1086,2,0,0,2,32.5,0,8.0
195,1087,3,0,0,0,7.8542,0,33.0
196,1088,1,0,0,2,134.5,2,6.0
197,1089,3,1,0,0,7.775,0,18.0
198,1090,2,0,0,0,10.5,0,23.0
199,1091,3,1,0,0,8.1125,0,30.0
200,1092,3,1,0,0,15.5,1,30.0
201,1093,3,0,0,2,14.4,0,0.33
202,1094,1,0,1,0,227.525,2,47.0
203,1095,2,1,1,1,26.0,0,8.0
204,1096,2,0,0,0,10.5,0,25.0
205,1097,1,0,0,0,25.7417,2,30.0
206,1098,3,1,0,0,7.75,1,35.0
207,1099,2,0,0,0,10.5,0,24.0
208,1100,1,1,0,0,27.7208,2,33.0
209,1101,3,0,0,0,7.8958,0,25.0
210,1102,3,0,0,0,22.525,0,32.0
211,1103,3,0,0,0,7.05,0,30.0
212,1104,2,0,0,0,73.5,0,17.0
213,1105,2,1,1,0,26.0,0,60.0
214,1106,3,1,4,2,7.775,0,38.0
215,1107,1,0,0,0,42.5,0,42.0
216,1108,3,1,0,0,7.8792,1,30.0
217,1109,1,0,1,1,164.8667,0,57.0
218,1110,1,1,1,1,211.5,2,50.0
219,1111,3,0,0,0,8.05,0,30.0
220,1112,2,1,1,0,13.8583,2,30.0
221,1113,3,0,0,0,8.05,0,21.0
222,1114,2,1,0,0,10.5,0,22.0
223,1115,3,0,0,0,7.7958,0,21.0
224,1116,1,1,0,0,27.4458,2,53.0
225,1117,3,1,0,2,15.2458,2,30.0
226,1118,3,0,0,0,7.7958,0,23.0
227,1119,3,1,0,0,7.75,1,30.0
228,1120,3,0,0,0,15.1,0,40.5
229,1121,2,0,0,0,13.0,0,36.0
230,1122,2,0,0,0,65.0,0,14.0
231,1123,1,1,0,0,26.55,0,21.0
232,1124,3,0,1,0,6.4958,0,21.0
233,1125,3,0,0,0,7.8792,1,30.0
234,1126,1,0,1,0,71.2833,2,39.0
235,1127,3,0,0,0,7.8542,0,20.0
236,1128,1,0,1,0,75.25,2,64.0
237,1129,3,0,0,0,7.225,2,20.0
238,1130,2,1,1,1,13.0,0,18.0
239,1131,1,1,1,0,106.425,2,48.0
240,1132,1,1,0,0,27.7208,2,55.0
241,1133,2,1,0,2,30.0,0,45.0
242,1134,1,0,1,1,134.5,2,45.0
243,1135,3,0,0,0,7.8875,0,30.0
244,1136,3,0,1,2,23.45,0,4.0
245,1137,1,0,1,0,51.8625,0,41.0
246,1138,2,1,0,0,21.0,0,22.0
247,1139,2,0,1,1,32.5,0,42.0
248,1140,2,1,1,0,26.0,0,29.0
249,1141,3,1,1,0,14.4542,2,30.0
250,1142,2,1,1,2,27.75,0,0.92
251,1143,3,0,0,0,7.925,0,20.0
252,1144,1,0,1,0,136.7792,2,27.0
253,1145,3,0,0,0,9.325,0,24.0
254,1146,3,0,0,0,9.5,0,32.5
255,1147,3,0,0,0,7.55,0,30.0
256,1148,3,0,0,0,7.75,1,30.0
257,1149,3,0,0,0,8.05,0,28.0
258,1150,2,1,0,0,13.0,0,19.0
259,1151,3,0,0,0,7.775,0,21.0
260,1152,3,0,1,0,17.4,0,36.5
261,1153,3,0,0,0,7.8542,0,21.0
262,1154,2,1,0,2,23.0,0,29.0
263,1155,3,1,1,1,12.1833,0,1.0
264,1156,2,0,0,0,12.7375,2,30.0
265,1157,3,0,0,0,7.8958,0,30.0
266,1158,1,0,0,0,0.0,0,30.0
267,1159,3,0,0,0,7.55,0,30.0
268,1160,3,1,0,0,8.05,0,30.0
269,1161,3,0,0,0,8.6625,0,17.0
270,1162,1,0,0,0,75.2417,2,46.0
271,1163,3,0,0,0,7.75,1,30.0
272,1164,1,1,1,0,136.7792,2,26.0
273,1165,3,1,1,0,15.5,1,30.0
274,1166,3,0,0,0,7.225,2,30.0
275,1167,2,1,1,0,26.0,0,20.0
276,1168,2,0,0,0,10.5,0,28.0
277,1169,2,0,1,0,26.0,0,40.0
278,1170,2,0,1,0,21.0,0,30.0
279,1171,2,0,0,0,10.5,0,22.0
280,1172,3,1,0,0,8.6625,0,23.0
281,1173,3,0,1,1,13.775,0,0.75
282,1174,3,1,0,0,7.75,1,30.0
283,1175,3,1,1,1,15.2458,2,9.0
284,1176,3,1,1,1,20.2125,0,2.0
285,1177,3,0,0,0,7.25,0,36.0
286,1178,3,0,0,0,7.25,0,30.0
287,1179,1,0,1,0,82.2667,0,24.0
288,1180,3,0,0,0,7.2292,2,30.0
289,1181,3,0,0,0,8.05,0,30.0
290,1182,1,0,0,0,39.6,0,30.0
291,1183,3,1,0,0,6.95,1,30.0
292,1184,3,0,0,0,7.2292,2,30.0
293,1185,1,0,1,1,81.8583,0,53.0
294,1186,3,0,0,0,9.5,0,36.0
295,1187,3,0,0,0,7.8958,0,26.0
296,1188,2,1,1,2,41.5792,2,1.0
297,1189,3,0,2,0,21.6792,2,30.0
298,1190,1,0,0,0,45.5,0,30.0
299,1191,3,0,0,0,7.8542,0,29.0
300,1192,3,0,0,0,7.775,0,32.0
301,1193,2,0,0,0,15.0458,2,30.0
302,1194,2,0,0,1,21.0,0,43.0
303,1195,3,0,0,0,8.6625,0,24.0
304,1196,3,1,0,0,7.75,1,30.0
305,1197,1,1,1,1,26.55,0,64.0
306,1198,1,0,1,2,151.55,0,30.0
307,1199,3,0,0,1,9.35,0,0.83
308,1200,1,0,1,1,93.5,0,55.0
309,1201,3,1,1,0,14.1083,0,45.0
310,1202,3,0,0,0,8.6625,0,18.0
311,1203,3,0,0,0,7.225,2,22.0
312,1204,3,0,0,0,7.575,0,30.0
313,1205,3,1,0,0,7.75,1,37.0
314,1206,1,1,0,0,135.6333,2,55.0
315,1207,3,1,0,0,7.7333,1,17.0
316,1208,1,0,1,0,146.5208,2,57.0
317,1209,2,0,0,0,10.5,0,19.0
318,1210,3,0,0,0,7.8542,0,27.0
319,1211,2,0,2,0,31.5,0,22.0
320,1212,3,0,0,0,7.775,0,26.0
321,1213,3,0,0,0,7.2292,2,25.0
322,1214,2,0,0,0,13.0,0,26.0
323,1215,1,0,0,0,26.55,0,33.0
324,1216,1,1,0,0,211.3375,0,39.0
325,1217,3,0,0,0,7.05,0,23.0
326,1218,2,1,2,1,39.0,0,12.0
327,1219,1,0,0,0,79.2,2,46.0
328,1220,2,0,1,0,26.0,0,29.0
329,1221,2,0,0,0,13.0,0,21.0
330,1222,2,1,0,2,36.75,0,48.0
331,1223,1,0,0,0,29.7,2,39.0
332,1224,3,0,0,0,7.225,2,30.0
333,1225,3,1,1,1,15.7417,2,19.0
334,1226,3,0,0,0,7.8958,0,27.0
335,1227,1,0,0,0,26.0,0,30.0
336,1228,2,0,0,0,13.0,0,32.0
337,1229,3,0,0,2,7.2292,2,39.0
338,1230,2,0,0,0,31.5,0,25.0
339,1231,3,0,0,0,7.2292,2,4.0
340,1232,2,0,0,0,10.5,0,18.0
341,1233,3,0,0,0,7.5792,0,32.0
342,1234,3,0,1,9,69.55,0,30.0
343,1235,1,1,0,1,512.3292,2,58.0
344,1236,3,0,1,1,14.5,0,4.0
345,1237,3,1,0,0,7.65,0,16.0
346,1238,2,0,0,0,13.0,0,26.0
347,1239,3,1,0,0,7.2292,2,38.0
348,1240,2,0,0,0,13.5,0,24.0
349,1241,2,1,0,0,21.0,0,31.0
350,1242,1,1,0,1,63.3583,2,45.0
351,1243,2,0,0,0,10.5,0,25.0
352,1244,2,0,0,0,73.5,0,18.0
353,1245,2,0,1,2,65.0,0,49.0
354,1246,3,1,1,2,20.575,0,0.17
355,1247,1,0,0,0,26.0,0,50.0
356,1248,1,1,2,0,51.4792,0,59.0
357,1249,3,0,0,0,7.8792,0,30.0
358,1250,3,0,0,0,7.75,1,30.0
359,1251,3,1,1,0,15.55,0,30.0
360,1252,3,0,8,2,69.55,0,14.5
361,1253,2,1,1,1,37.0042,2,24.0
362,1254,2,1,0,0,21.0,0,31.0
363,1255,3,0,0,0,8.6625,0,27.0
364,1256,1,1,1,0,55.4417,2,25.0
365,1257,3,1,1,9,69.55,0,30.0
366,1258,3,0,1,0,14.4583,2,30.0
367,1259,3,1,0,0,39.6875,0,22.0
368,1260,1,1,0,1,59.4,2,45.0
369,1261,2,0,0,0,13.8583,2,29.0
370,1262,2,0,1,0,11.5,0,21.0
371,1263,1,1,0,0,134.5,2,31.0
372,1264,1,0,0,0,0.0,0,49.0
373,1265,2,0,0,0,13.0,0,44.0
374,1266,1,1,1,1,81.8583,0,54.0
375,1267,1,1,0,0,262.375,2,45.0
376,1268,3,1,2,0,8.6625,0,22.0
377,1269,2,0,0,0,11.5,0,21.0
378,1270,1,0,0,0,50.0,0,55.0
379,1271,3,0,4,2,31.3875,0,5.0
380,1272,3,0,0,0,7.75,1,30.0
381,1273,3,0,0,0,7.8792,1,26.0
382,1274,3,1,0,0,14.5,0,30.0
383,1275,3,1,1,0,16.1,0,19.0
384,1276,2,0,0,0,12.875,0,30.0
385,1277,2,1,1,2,65.0,0,24.0
386,1278,3,0,0,0,7.775,0,24.0
387,1279,2,0,0,0,13.0,0,57.0
388,1280,3,0,0,0,7.75,1,21.0
389,1281,3,0,3,1,21.075,0,6.0
390,1282,1,0,0,0,93.5,0,23.0
391,1283,1,1,0,1,39.4,0,51.0
392,1284,3,0,0,2,20.25,0,13.0
393,1285,2,0,0,0,10.5,0,47.0
394,1286,3,0,3,1,22.025,0,29.0
395,1287,1,1,1,0,60.0,0,18.0
396,1288,3,0,0,0,7.25,1,24.0
397,1289,1,1,1,1,79.2,2,48.0
398,1290,3,0,0,0,7.775,0,22.0
399,1291,3,0,0,0,7.7333,1,31.0
400,1292,1,1,0,0,164.8667,0,30.0
401,1293,2,0,1,0,21.0,0,38.0
402,1294,1,1,0,1,59.4,2,22.0
403,1295,1,0,0,0,47.1,0,17.0
404,1296,1,0,1,0,27.7208,2,43.0
405,1297,2,0,0,0,13.8625,2,20.0
406,1298,2,0,1,0,10.5,0,23.0
407,1299,1,0,1,1,211.5,2,50.0
408,1300,3,1,0,0,7.7208,1,30.0
409,1301,3,1,1,1,13.775,0,3.0
410,1302,3,1,0,0,7.75,1,30.0
411,1303,1,1,1,0,90.0,1,37.0
412,1304,3,1,0,0,7.775,0,28.0
413,1305,3,0,0,0,8.05,0,30.0
414,1306,1,1,0,0,108.9,2,39.0
415,1307,3,0,0,0,7.25,0,38.5
416,1308,3,0,0,0,8.05,0,30.0
417,1309,3,0,1,1,22.3583,2,4.0
